form	lemma	POS	morph
༄༅། །		PUNCT
རྟེན་འབྲེལ་	རྟེན་འབྲེལ་	NOUN
གྱི་	གི་	PART
སྒོམ་རིམ་	སྒོམ་རིམ་	PROPN
དམ་པ་	དམ་པ་	VERB
འི་	གི་	PART
ཆོ་	ཆོ་	NOUN
ཀྱི་	གི་	PART
ཟ་མ་ཏོག་	ཟ་མ་ཏོག་	NOUN
བཞུགས་	བཞུགས་	VERB
སོ་	གོ་	PART
།།		PUNCT
		
༄༅། །		PUNCT
གང་	གང་	NO_POS
གིས་	གིས་	PART
ཆོ་	ཆོ་	NOUN
ཀུན་གཟིགས་པ་	ཀུན་གཟིགས་པ་	OTHER
འི་	གི་	PART
ལམ་	གམ་	PART
། །		PUNCT
ཡངས་པ་	ཡངས་པ་	ADJ
ར་	ལ་	PART
འགྲོ་བ་	འགྲོ་བ་	VERB
མ་ལུས་པ་	མ་ལུས་པ་	OTHER
། །		PUNCT
འདྲེན་	འདྲེན་	NO_POS
མཛད་	མཛད་	VERB
བཀའ་	བཀའ་	NOUN
བརྒྱུད་	བརྒྱུད་	NO_POS
བླ་མ་	བླ་མ་	NOUN
ལ་	ལ་	PART
། །		PUNCT
དང་བ་	དང་བ་	NOUN
རྒྱ་མཚོ་	རྒྱ་མཚོ་	NOUN
ས་	གིས་	PART
ཕྱག་	ཕྱག་	NOUN
བགྱི་	བགྱི་	VERB
འོ་	གོ་	PART
"།
།"		PUNCT
ཆོ་	ཆོ་	NOUN
ཐམས་ཅད་	ཐམས་ཅད་	DET
ནི་	ནི་	NO_POS
རྟེན་	རྟེན་	NOUN
ཅིང་	ཅིང་	PART
འབྲེལ་པ་	འབྲེལ་པ་	VERB
ར་	ལ་	PART
འབྱུང་བ་	འབྱུང་བ་	VERB
ལ་	ལ་	ADP
ས་	གིས་	PART
གཞན་མ་	གཞན་མ་	PRON
ཡིན་	ཡིན་	NO_POS
ལ་	ལ་	PART
། །		PUNCT
དེ་	སྟེ་	PART
གཏན་	གཏན་	NOUN
ལ་	ལ་	PART
འབེབས་པ་	འབེབས་པ་	VERB
འི་	གི་	PART
གདམས་ངག་	གདམས་ངག་	NOUN
།		PUNCT
རབས་	རབས་	NOUN
བདུན་	བདུན་	NUM
མ་	མ་	PART
འི་	གི་	PART
སྒོམ་པ་	སྒོམ་པ་	VERB
འི་	གི་	PART
རིམ་པ་	རིམ་པ་	NOUN
ནི་	ནི་	NO_POS
རྣམ་པ་	རྣམ་པ་	NOUN
གཉིས་	གཉིས་	NUM
ཏེ་	སྟེ་	PART
།		PUNCT
མཉམ་	མཉམ་	VERB
གཞག་	གཞག་	VERB
ཡོན་ཏན་	ཡོན་ཏན་	NOUN
སྐྱེ་བ་	སྐྱེ་བ་	VERB
འི་	གི་	PART
རྟེན་འབྲེལ་	རྟེན་འབྲེལ་	NOUN
དང་	དང་	NO_POS
།		PUNCT
རྗེས་ཐོབ་	རྗེས་ཐོབ་	NOUN
རྩལ་	རྩལ་	NOUN
རྫོགས་པ་	རྫོགས་པ་	VERB
འི་	གི་	PART
རྟེན་འབྲེལ་	རྟེན་འབྲེལ་	NOUN
ལོ་	གོ་	PART
། །		PUNCT
དང་པོ་	དང་པོ་	ADJ
ནི་	ནི་	NO_POS
།		PUNCT
བསམ་གཏན་	བསམ་གཏན་	NOUN
གྱི་	གི་	PART
ཚེར་མ་	ཚེར་མ་	NOUN
རྣམ་པ་	རྣམ་པ་	NOUN
ར་	ལ་	PART
གཡེང་བ་	གཡེང་བ་	VERB
ས་	གིས་	PART
དབེན་པ་	དབེན་པ་	VERB
འི་	གི་	PART
གནས་	གནས་	NOUN
ཉམས་	ཉམས་	NOUN
དགྱེས་	དགྱེས་	NO_POS
ཤིང་	ཅིང་	PART
ཡིད་	ཡིད་	NOUN
དུ་	ལ་	PART
མཆིས་པ་	མཆིས་པ་	VERB
ར་	ལ་	PART
ཚེ་	ཚེ་	NOUN
འདི་	འདི་	DET
འི་	གི་	PART
འདོད་པ་	འདོད་པ་	VERB
དང་	དང་	NO_POS
།		PUNCT
ཞེན་པ་	ཞེན་པ་	VERB
དང་	དང་	NO_POS
།		PUNCT
སྲེད་པ་	སྲེད་པ་	VERB
འཕེལ་བ་	འཕེལ་བ་	VERB
འི་	གི་	PART
རྟེན་	རྟེན་	NOUN
བསྐྱུངས་	བསྐྱུངས་	NO_POS
ཏེ་	སྟེ་	PART
།		PUNCT
སྒྲིབ་པ་	སྒྲིབ་པ་	VERB
ལྔ་	ལྔ་	NUM
དང་	དང་	NO_POS
མི་དགེ་བ་	མི་དགེ་བ་	NO_POS
བཅུ་	བཅུ་	NUM
འི་	གི་	PART
ཆོམ་རྐུན་	ཆོམ་རྐུན་	NOUN
དང་	དང་	NO_POS
བྲལ་བ་	བྲལ་བ་	VERB
ས་	གིས་	PART
།		PUNCT
བདེ་བ་	བདེ་བ་	VERB
འི་	གི་	PART
སྟན་	སྟན་	NOUN
ལ་	ལ་	PART
རྐང་པ་	རྐང་པ་	NOUN
རྡོ་རྗེ་	རྡོ་རྗེ་	NOUN
སྐྱིལ་མོ་ཀྲུང་	སྐྱིལ་མོ་ཀྲུང་	NOUN
དང་	དང་	NO_POS
།		PUNCT
ལག་པ་	ལག་པ་	NOUN
མཉམ་	མཉམ་	VERB
གཞག་	གཞག་	VERB
གི་	གི་	PART
ཕྱག་རྒྱ་	ཕྱག་རྒྱ་	NOUN
ལྟེ་འོག་	ལྟེ་འོག་	NO_POS
ཏུ་	ལ་	PART
བཅིངས་	བཅིངས་	VERB
།		PUNCT
སྒལ་ཚིགས་	སྒལ་ཚིགས་	NO_POS
དྲང་པོ་	དྲང་པོ་	ADJ
ར་	ལ་	PART
བསྲངས་	བསྲངས་	NO_POS
།		PUNCT
དཔུང་པ་	དཔུང་པ་	NO_POS
ཕན་ཚུན་	ཕན་ཚུན་	ADV
ཕྱི་	ཕྱི་	OTHER
དེང་	དེང་	ADV
།		PUNCT
མགྲིན་པ་	མགྲིན་པ་	NOUN
ཨོག་		NON_WORD
སྐོས་	སྐོས་	NO_POS
མདུད་	མདུད་	NO_POS
ནོན་	ནོན་	VERB
ཙམ་	ཙམ་	DET
།		PUNCT
ལྕེ་	ལྕེ་	NOUN
མཆུ་	མཆུ་	NOUN
རང་ས་	རང་ས་	OTHER
ར་	ལ་	PART
བཞག་	བཞག་	VERB
།		PUNCT
མིག་	མིག་	NOUN
སྣ་རྩེ་	སྣ་རྩེ་	NO_POS
འི་	གི་	PART
ཐད་	ཐད་	NOUN
དུ་	ལ་	PART
ལྟ་བ་	ལྟ་བ་	VERB
བྱེད་	བྱེད་	VERB
ཅིངས་		NON_WORD
དང་	དང་	NO_POS
ལྡན་པ་	ལྡན་པ་	VERB
ས་	གིས་	PART
རླུང་	རླུང་	NOUN
རོ་	རོ་	NOUN
ལན་	ལན་	NOUN
གཅིག་པུ་	གཅིག་པུ་	ADJ
ས་	གིས་	PART
ཏེ་	སྟེ་	PART
།		PUNCT
དབུགས་	དབུགས་	NOUN
འབྱུང་	འབྱུང་	VERB
རྔུབ་	རྔུབ་	NO_POS
ཀྱི་	གི་	PART
རྩོལ་བ་	རྩོལ་བ་	VERB
མེད་པ་	མེད་པ་	VERB
ར་	ལ་	PART
རང་བབ་	རང་བབ་	NO_POS
སུ་	ལ་	PART
བཞག་	བཞག་	VERB
ན་	ནས་	PART
།		PUNCT
ཐོག་མ་	ཐོག་མ་	NOUN
ཉིད་	ཉིད་	DET
དུ་	ལ་	PART
སེམས་ཅན་	སེམས་ཅན་	NOUN
ཐམས་ཅད་	ཐམས་ཅད་	DET
ཀྱི་	གི་	PART
དོན་	དོན་	NOUN
དུ་	ལ་	PART
རྫོགས་པ་	རྫོགས་པ་	VERB
འི་	གི་	PART
སངས་རྒྱས་	སངས་རྒྱས་	NOUN
ཐོབ་པ་	ཐོབ་པ་	VERB
ར་	ལ་	PART
བྱ་	བྱ་	VERB
།		PUNCT
དེ་	དེ་	DET
འི་	གི་	PART
ཆེད་	ཆེད་	NOUN
དུ་	ལ་	PART
རྣལ་འབྱོར་	རྣལ་འབྱོར་	NOUN
ཟབ་མོ་	ཟབ་མོ་	ADJ
ལ་	ལ་	PART
འཇུག་པ་	འཇུག་པ་	VERB
ར་	ལ་	PART
བྱ་	བྱ་	VERB
འོ་	གོ་	PART
སྙམ་པ་	སྙམ་པ་	VERB
ས་	གིས་	PART
།		PUNCT
རིན་པོ་ཆེ་	རིན་པོ་ཆེ་	ADJ
འི་	གི་	PART
ཁྲི་	ཁྲི་	NUM
།		PUNCT
པད་	པད་	NO_POS
ཟླ་	ཟླ་	NOUN
འི་	གི་	PART
གདན་	གདན་	NOUN
ལ་	ལ་	PART
རང་ཉིད་	རང་ཉིད་	OTHER
རྫོགས་པ་	རྫོགས་པ་	VERB
འི་	གི་	PART
སངས་རྒྱས་	སངས་རྒྱས་	NOUN
ཤཱཀྱ་	ཤཱཀྱ་	PROPN
ཐུབ་པ་	ཐུབ་པ་	VERB
སྐུ་	སྐུ་	NOUN
གསེར་	གསེར་	NOUN
བཙོ་མ་	བཙོ་མ་	ADJ
ལྟ་བུ་	ལྟ་བུ་	NOUN
འི་	གི་	PART
མཚན་	མཚན་	NOUN
སུམ་ཅུ་རྩ་གཉིས་	སུམ་ཅུ་རྩ་གཉིས་	NO_POS
དང་	དང་	NO_POS
དཔེ་བྱད་	དཔེ་བྱད་	NOUN
བརྒྱད་ཅུ་	བརྒྱད་ཅུ་	NO_POS
ས་	གིས་	PART
ཤིན་ཏུ་	ཤིན་ཏུ་	NO_POS
མཛེས་པ་	མཛེས་པ་	VERB
།		PUNCT
ཕྱག་	ཕྱག་	NOUN
གཉིས་	གཉིས་	NUM
ས་	ས་	ADP
གནོན་	གནོན་	VERB
མཉམ་བཞག་	མཉམ་བཞག་	NOUN
མཚམས་སྤྲིན་	མཚམས་སྤྲིན་	OTHER
གཞོན་ནུ་	གཞོན་ནུ་	ADJ
འི་	གི་	PART
འོད་	འོད་	NOUN
ལྟ་	ལྟ་	OTHER
དམར་བ་	དམར་བ་	VERB
འི་	གི་	PART
ཆོས་གོས་	ཆོས་གོས་	NOUN
གསུམ་	གསུམ་	NUM
འཆང་བ་	འཆང་བ་	VERB
།		PUNCT
ཞབས་	ཞབས་	NOUN
རྡོ་རྗེ་	རྡོ་རྗེ་	NOUN
འི་	གི་	PART
སྐྱིལ་ཀྲུང་	སྐྱིལ་ཀྲུང་	NOUN
གིས་	གིས་	PART
བཞུགས་པ་	བཞུགས་པ་	VERB
ར་	ལ་	PART
གསལ་བ་	གསལ་བ་	VERB
འི་	གི་	PART
སྤྱི་བོ་	སྤྱི་བོ་	NOUN
འི་	གི་	PART
ནམ་མཁ་	ནམ་མཁའ་	NOUN
ར་	ལ་	PART
།		PUNCT
རྩ་བ་	རྩ་བ་	NOUN
འི་	གི་	PART
བླ་མ་	བླ་མ་	NOUN
བསྒོམ་	བསྒོམ་	VERB
ཏེ་	སྟེ་	PART
།		PUNCT
སྣང་བ་	སྣང་བ་	VERB
རྟེན་འབྲེལ་	རྟེན་འབྲེལ་	NOUN
དུ་	ལ་	PART
འཆར་བ་	འཆར་བ་	VERB
ར་	ལ་	PART
བྱིན་	བྱིན་	VERB
གྱིས་	གིས་	PART
བརླབ་	བརླབ་	NO_POS
ཏུ་	ལ་	PART
གསོལ་	གསོལ་	VERB
།		PUNCT
ཅེས་	ཅེས་	PART
གདུང་ཤུགས་	གདུང་ཤུགས་	NOUN
དྲག་པོ་	དྲག་པོ་	ADJ
གསོལ་བ་	གསོལ་བ་	VERB
བཏབ་	བཏབ་	VERB
སྟེ་	སྟེ་	PART
།		PUNCT
རང་	རང་	PRON
གི་	གི་	PART
མདུན་	མདུན་	NOUN
གཉའ་ཤིང་	གཉའ་ཤིང་	NOUN
གང་	གང་	NO_POS
ཙམ་	ཙམ་	DET
གྱི་	གི་	PART
ཐད་	ཐད་	NOUN
དུ་	ལ་	PART
།		PUNCT
ཟླ་བ་	ཟླ་བ་	NOUN
འི་	གི་	PART
དཀྱིལ་འཁོར་	དཀྱིལ་འཁོར་	NOUN
ཤིན་ཏུ་	ཤིན་ཏུ་	NO_POS
དངས་		NON_WORD
ཤིང་	ཅིང་	PART
འོད་ཟེར་	འོད་ཟེར་	NOUN
གྱི་	གི་	PART
འཁོར་ལོ་ཅན་	འཁོར་ལོ་ཅན་	NO_POS
ལ་	ལ་	PART
མིག་	མིག་	NOUN
དང་སེམས་	དང་སེམས་	NO_POS
རྩེ་གཅིག་	རྩེ་གཅིག་	ADJ
ཏུ་	ལ་	PART
གཏད་	གཏད་	VERB
དེ་	སྟེ་	PART
།		PUNCT
སྔ་	སྔ་	NOUN
འདི་	འདི་	DET
བྱ་	བྱ་	VERB
།		PUNCT
འདི་	འདི་	DET
ལ་	ལ་	ADP
ས་	གིས་	PART
འདི་	འདི་	DET
འབྱུང་	འབྱུང་	VERB
ངོ་	གོ་	PART
། །		PUNCT
ལ་སོགས་པ་	ལ་སོགས་པ་	NO_POS
འདས་པ་	འདས་པ་	VERB
མི་	མི་	PART
མནོ་	མནོ་	NO_POS
"།
།"		PUNCT
ད་	ད་	ADV
འདི་	འདི་	DET
བྱེད་	བྱེད་	VERB
འདི་	འདི་	DET
ལ་	ལ་	ADP
ས་	གིས་	PART
འདི་	འདི་	DET
འབྱུང་	འབྱུང་	VERB
ངམ་	གམ་	PART
མི་	མི་	PART
འབྱུང་	འབྱུང་	VERB
སོགས་	སོགས་	DET
མ་འོངས་པ་	མ་འོངས་པ་	OTHER
མི་	མི་	PART
སེམ་		NON_WORD
།		PUNCT
ད་ལྟ་		
ཇི་ལྟ་		
སྣང་བ་	སྣང་བ་	VERB
འི་	གི་	PART
ཚོགས་	ཚོགས་	NOUN
འདི་	འདི་	DET
བཟང་	བཟང་	VERB
འདི་	འདི་	DET
ངན་	ངན་	VERB
།		PUNCT
འདི་	འདི་	DET
ཡིན་	ཡིན་	NO_POS
འདི་	འདི་	DET
མིན་	མིན་	AUX
སྙམ་	སྙམ་	VERB
དུ་	ལ་	PART
བསམ་པ་	བསམ་པ་	VERB
དང་	དང་	NO_POS
།		PUNCT
རིག་པ་	རིག་པ་	VERB
ས་	གིས་	PART
དཔྱད་པ་	དཔྱད་པ་	VERB
ར་	ལ་	PART
མི་	མི་	PART
བྱ་	བྱ་	VERB
།		PUNCT
ཆེད་	ཆེད་	NOUN
དུ་	ལ་	PART
འདི་	འདི་	DET
ལྟ་བུ་	ལྟ་བུ་	NOUN
འོ་	གོ་	PART
ཞེ་	ཅེས་	PART
ཀྱང་	ཀྱང་	PART
མི་	མི་	PART
བསྒོམ་	བསྒོམ་	VERB
།		PUNCT
སྟོང་པ་	སྟོང་པ་	VERB
འོ་	གོ་	PART
ཞེ་	ཅེས་	PART
ཅང་	ཅང་	PART
མེད་	མེད་	VERB
ཅི་	ཅི་	NO_POS
མེད་	མེད་	VERB
ཀྱི་	གི་	PART
ཆད་ལྟ་	ཆད་ལྟ་	NOUN
ཡུག་	ཡུག་	NOUN
ཏུའང་		NON_WORD
མི་	མི་	PART
བལྟ་	བལྟ་	VERB
།		PUNCT
བློ་	བློ་	NOUN
ས་	གིས་	PART
བྱ་	བྱ་	VERB
ཀྱི་	གི་	PART
སྟོང་པ་ཉིད་	སྟོང་པ་ཉིད་	NOUN
དང་	དང་	NO_POS
།		PUNCT
ཡེ་ཤེས་	ཡེ་ཤེས་	NOUN
ཡིན་	ཡིན་	NO_POS
ནོ་	གོ་	PART
སྙམ་པ་	སྙམ་པ་	VERB
འི་	གི་	PART
རྒྱ་	རྒྱ་	VERB
འདེབས་	འདེབས་	VERB
དང་	དང་	NO_POS
དོན་སྤྱི་	དོན་སྤྱི་	NO_POS
ཡང་	ཀྱང་	PART
མི་	མི་	PART
བསྒོམ་	བསྒོམ་	VERB
།		PUNCT
འོ་ན་	འོ་ན་	NO_POS
ཇི་ལྟ་		
ཞེ་ན་	ཅེ་ན་	PART
ཤེས་པ་	ཤེས་པ་	VERB
ཅིར་	ཅིར་	NO_POS
ཡང་	ཀྱང་	PART
མི་	མི་	PART
རྟོག་	རྟོག་	VERB
།		PUNCT
ཅིར་	ཅིར་	NO_POS
ཡང་	ཀྱང་	PART
མི་	མི་	PART
འཛིན་	འཛིན་	VERB
།		PUNCT
དྲན་པ་	དྲན་པ་	VERB
དང་	དང་	NO_POS
ཡིད་	ཡིད་	NOUN
ལ་	ལ་	PART
བྱེད་པ་	བྱེད་པ་	VERB
ཐམས་ཅད་	ཐམས་ཅད་	DET
སྤངས་	སྤངས་	VERB
ཏེ་	སྟེ་	PART
།		PUNCT
མ་	མ་	PART
ཡེངས་	ཡེངས་	NO_POS
ཙམ་	ཙམ་	DET
གྱིས་	གིས་	PART
སེམས་	སེམས་	NOUN
ལྷུག་པ་	ལྷུག་པ་	NO_POS
མ་བཅོས་པ་	མ་བཅོས་པ་	NO_POS
ཉིད་	ཉིད་	DET
ལ་རྩེ་	ལ་རྩེ་	NOUN
གཅིག་	གཅིག་	NUM
ཏུ་	ལ་	PART
མཉམ་པ་	མཉམ་པ་	VERB
ར་	ལ་	PART
འཇོག་པ་	འཇོག་པ་	VERB
ར་	ལ་	PART
བྱ་	བྱ་	VERB
འོ་	གོ་	PART
"།
།"		PUNCT
དེ་ལྟ་	དེ་ལྟ་	NO_POS
ཡང་	ཀྱང་	PART
།		PUNCT
འགྲོ་བ་	འགྲོ་བ་	VERB
འི་	གི་	PART
མགོན་པོ་	མགོན་པོ་	NOUN
གཙང་པ་	གཙང་པ་	PROPN
ས་	གིས་	PART
།		PUNCT
སེམས་མ་	སེམས་མ་	NO_POS
བཅོ་	བཅོ་	NUM
ས་	གིས་	PART
ན་	ལ་	PART
བདེ་	བདེ་	VERB
། །		PUNCT
ཆུ་མ་	ཆུ་མ་	NOUN
རྙོགས་	རྙོགས་	NO_POS
ན་	ལ་	PART
དངས་		NON_WORD
། །		PUNCT
ཞེ་	ཅེས་	PART
དང་	དང་	NO_POS
།		PUNCT
གླིང་	གླིང་	NOUN
གིས་	གིས་	PART
།		PUNCT
མ་	མ་	PART
བཅོ་	བཅོ་	NUM
ས་	གིས་	PART
སོ་མ་	སོ་མ་	ADJ
ར་	ལ་	PART
གཞག་	གཞག་	VERB
ན་	ལ་	PART
རྟོགས་པ་	རྟོགས་པ་	VERB
འཆར་	འཆར་	NO_POS
"།
།"		PUNCT
ཆུ་བོ་	ཆུ་བོ་	NOUN
འི་	གི་	PART
གཞུང་	གཞུང་	NOUN
བཞིན་	བཞིན་	NOUN
སྐྱངས་		NON_WORD
ན་	ལ་	PART
ཡོངས་	ཡོངས་	DET
ཀྱང་	ཀྱང་	PART
འཆར་	འཆར་	NO_POS
། །		PUNCT
དམིགས་	དམིགས་	VERB
གཏད་	གཏད་	VERB
མཚན་མ་	མཚན་མ་	NOUN
ཐམས་ཅད་	ཐམས་ཅད་	DET
ཡོངས་	ཡོངས་	DET
སྤོངས་	སྤོངས་	VERB
ལ་	ལ་	PART
"།
།"		PUNCT
རྟག་	རྟག་	VERB
ཏུ་	ལ་	PART
མཉམ་པ་	མཉམ་པ་	VERB
ར་	ལ་	PART
ཞོག་	ཞོག་	VERB
དང་	དང་	NO_POS
རྣལ་འབྱོར་པ་	རྣལ་འབྱོར་པ་	NOUN
། །		PUNCT
ཞེ་	ཅེས་	PART
དང་	དང་	NO_POS
།		PUNCT
བདེ་གཤེགས་	བདེ་གཤེགས་	NOUN
ཁམས་པ་	ཁམས་པ་	PROPN
ཆེན་པོ་	ཆེན་པོ་	ADJ
ས་	གིས་	PART
།		PUNCT
ཕྱག་	ཕྱག་	NOUN
ཆེན་	ཆེན་	NO_POS
ངོ་སྤྲོད་	ངོ་སྤྲོད་	NOUN
དུ་	ལ་	PART
།		PUNCT
བསྒོམ་	བསྒོམ་	VERB
བྱ་	བྱ་	VERB
སྒོམ་	སྒོམ་	VERB
བྱེད་	བྱེད་	VERB
དུ་	ལ་	PART
བྱ་	བྱ་	VERB
ན་	ལ་	PART
བློ་	བློ་	NOUN
བཅོས་མ་	བཅོས་མ་	NOUN
འོ་	གོ་	PART
། །		PUNCT
འོ་ན་	འོ་ན་	NO_POS
ཇི་ལྟ་		
ཞེ་ན་	ཅེ་ན་	PART
།		PUNCT
རང་	རང་	PRON
གསལ་	གསལ་	VERB
ལ་	ལ་	PART
རྣམ་རྟོག་	རྣམ་རྟོག་	NOUN
བག་ཆགས་	བག་ཆགས་	NOUN
མ་	མ་	PART
བྱུང་	བྱུང་	VERB
མ་བཅོས་པ་	མ་བཅོས་པ་	NO_POS
ར་	ལ་	PART
གཞག་	གཞག་	VERB
ན་	ལ་	PART
རང་མཐོང་	རང་མཐོང་	NOUN
བ་	བ་	NOUN
འགྱུར་	འགྱུར་	VERB
རོ་	རོ་	NOUN
"།
།"		PUNCT
ཞེ་	ཅེས་	PART
དང་	དང་	NO_POS
།		PUNCT
ས་ར་	ས་ར་	NO_POS
ཧ་	ཧ་	NOUN
ས་	གིས་	PART
།		PUNCT
བསམ་	བསམ་	NOUN
དང་	དང་	NO_POS
བསམ་	བསམ་	NOUN
བྱ་	བྱ་	VERB
ཐམས་ཅད་	ཐམས་ཅད་	DET
ཡོངས་སུ་	ཡོངས་སུ་	NO_POS
དོར་	དོར་	VERB
ན་	ནས་	PART
སུ་	ལ་	PART
"།
།"		PUNCT
ཇི་ལྟ་		
བུ་ཆུང་	བུ་ཆུང་	NOUN
ལྷུག་པ་	ལྷུག་པ་	NO_POS
ར་	ལ་	PART
གནས་པ་	གནས་པ་	VERB
བཞིན་	བཞིན་	NOUN
། །		PUNCT
བླ་མ་	བླ་མ་	NOUN
འི་	གི་	PART
ལུང་	ལུང་	NOUN
ལ་	ལ་	PART
བསྒྲིམས་	བསྒྲིམས་	NO_POS
ཏེ་	སྟེ་	PART
གུ་	གུ་	VERB
འབད་	འབད་	VERB
ན་	ལ་	PART
། །		PUNCT
ལྷན་ཅིག་	ལྷན་ཅིག་	OTHER
སྐྱེས་པ་	སྐྱེས་པ་	VERB
འབྱུང་བ་	འབྱུང་བ་	VERB
ར་	ལ་	PART
ཐེ་ཚོམ་	ཐེ་ཚོམ་	NOUN
མེད་	མེད་	VERB
།		PUNCT
ཅེས་	ཅེས་	PART
དང་	དང་	NO_POS
།		PUNCT
བྱམས་མགོན་	བྱམས་མགོན་	OTHER
གྱིས་	གིས་	PART
། །		PUNCT
འདི་	འདི་	DET
ལ་	ལ་	PART
བསལ་	བསལ་	VERB
བྱ་	བྱ་	VERB
ཅི་ཡང་	ཅི་ཡང་	OTHER
མེད་	མེད་	VERB
། །		PUNCT
བཞག་པ་	བཞག་པ་	VERB
ར་	ལ་	PART
བྱ་བ་	བྱ་བ་	VERB
ཅུང་ཟད་	ཅུང་ཟད་	ADV
མེད་	མེད་	VERB
"།
།"		PUNCT
ཡང་དག་	ཡང་དག་	ADJ
ཉིད་	ཉིད་	DET
ལ་	ལ་	PART
ཡང་དག་	ཡང་དག་	ADJ
བལྟ་	བལྟ་	VERB
། །		PUNCT
ཡང་དག་	ཡང་དག་	ADJ
མཐོང་	མཐོང་	VERB
ན་	ལ་	PART
ཡང་དག་	ཡང་དག་	ADJ
གྲོལ་	གྲོལ་	VERB
། །		PUNCT
ཞེ་	ཅེས་	PART
གསུངས་	གསུངས་	VERB
།		PUNCT
ཤེར་ཕྱིན་	ཤེར་ཕྱིན་	PROPN
གྱི་	གི་	PART
མདོ་	མདོ་	NOUN
ར་	ལ་	PART
ཡང་	ཀྱང་	PART
།		PUNCT
ཕུང་	ཕུང་	VERB
འདི་	འདི་	DET
སྟོང་	སྟོང་	NUM
ཞེ་	ཅེས་	PART
རྟོག་	རྟོག་	VERB
ན་	ན་	ADP
འང་	ཀྱང་	PART
བྱང་ཆུབ་	བྱང་ཆུབ་	NOUN
སེམས་དཔའ་	སེམས་དཔའ་	NOUN
རྣམས་	རྣམས་	DET
། །		PUNCT
མཚན་མ་	མཚན་མ་	NOUN
ལ་	ལ་	PART
སྤྱོད་	སྤྱོད་	VERB
སྐྱེ་	སྐྱེ་	NOUN
མེད་	མེད་	VERB
གནས་	གནས་	NOUN
ལ་	ལ་	PART
དད་	དད་	VERB
མ་	མ་	PART
ཡིན་	ཡིན་	NO_POS
"།
།"		PUNCT
ཞེ་	ཅེས་	PART
དང་	དང་	NO_POS
།		PUNCT
བརྟག་	བརྟག་	VERB
གཉིས་	གཉིས་	NUM
ལ་	ལ་	ADP
ས་	གིས་	PART
།		PUNCT
གང་	གང་	NO_POS
ཕྱི་	ཕྱི་	OTHER
ཡིད་	ཡིད་	NOUN
ཀྱིས་	གིས་	PART
མི་	མི་	PART
བསྒོམ་པ་	བསྒོམ་པ་	VERB
ར་	ལ་	PART
། །		PUNCT
འགྲོ་བ་	འགྲོ་བ་	VERB
ཐམས་ཅད་	ཐམས་ཅད་	DET
བསྒོམ་པ་	བསྒོམ་པ་	VERB
ར་	ལ་	PART
བྱ་	བྱ་	VERB
"།
།"		PUNCT
ཞེ་	ཅེས་	PART
གསུངས་	གསུངས་	VERB
། །		PUNCT
འདི་	འདི་	DET
ལ་ཁ་	ལ་ཁ་	NOUN
ཅིག་	ཅིག་	PART
ན་རེ་	ན་རེ་	ADP
། །		PUNCT
དམ་པ་	དམ་པ་	VERB
སངས་རྒྱས་	སངས་རྒྱས་	NOUN
ཀྱིས་	གིས་	PART
།		PUNCT
སྟོང་ཉིད་	སྟོང་ཉིད་	NOUN
མཁའ་	མཁའ་	NOUN
ལ་	ལ་	PART
རིག་པ་	རིག་པ་	VERB
འི་	གི་	PART
མདུང་	མདུང་	NOUN
སྐོར་	སྐོར་	NOUN
གྱིས་	གིས་	PART
"།
།"		PUNCT
ལྟ་བ་	ལྟ་བ་	VERB
ཐོག་	ཐོག་	NOUN
རྡུགས་	རྡུགས་	NO_POS
མེད་	མེད་	VERB
དོ་	གོ་	PART
དིང་རི་བ་	དིང་རི་བ་	PROPN
། །		PUNCT
ཞེ་	ཅེས་	PART
གསུངས་པ་	གསུངས་པ་	VERB
ས་	གིས་	PART
མ་	མ་	PART
དཔྱད་པ་	དཔྱད་པ་	VERB
འི་	གི་	PART
སྒོམ་པ་	སྒོམ་པ་	VERB
ནི་	ནི་	NO_POS
།		PUNCT
བླུན་སྒོམ་	བླུན་སྒོམ་	NO_POS
ཡིན་	ཡིན་	NO_POS
གྱི་	གི་	PART
"།
།"		PUNCT
ལྷག་མཐོང་	ལྷག་མཐོང་	NOUN
གི་	གི་	PART
རྟོགས་པ་	རྟོགས་པ་	VERB
མི་	མི་	PART
འབྱུང་	འབྱུང་	VERB
ངོ་	གོ་	PART
ཟེ་	ཟེ་	VERB
མོད་	མོད་	VERB
། །		PUNCT
ལུང་	ལུང་	NOUN
དེ་	དེ་	DET
ས་	གིས་	PART
ནི་	ནི་	NO_POS
ཁོ་བོ་	ཁོ་བོ་	PRON
ཅན་	ཅན་	PART
ལ་	ལ་	PART
གནོད་པ་	གནོད་པ་	VERB
མ་	མ་	PART
ཡིན་	ཡིན་	NO_POS
ཏེ་	སྟེ་	PART
།		PUNCT
ལུང་	ལུང་	NOUN
འདི་	འདི་	DET
འི་	གི་	PART
དོན་	དོན་	NOUN
འཆད་པ་	འཆད་པ་	VERB
ལ་	ལ་	PART
ཞུགས་	ཞུགས་	VERB
ན་	ལ་	PART
།		PUNCT
ཅིར་	ཅིར་	NO_POS
སྣང་བ་	སྣང་བ་	VERB
འི་	གི་	PART
ཆ་	ཆ་	NOUN
ན་	ནས་	PART
སྣང་བ་	སྣང་བ་	VERB
དང་	དང་	NO_POS
།		PUNCT
དེ་ཉིད་	དེ་ཉིད་	NOUN
གང་	གང་	NO_POS
དུ་	ལ་	PART
གྲུབ་	གྲུབ་	VERB
བཙལ་བ་	བཙལ་བ་	VERB
ས་	གིས་	PART
མ་	མ་	PART
རྙེད་པ་	རྙེད་པ་	VERB
སྟོང་པ་	སྟོང་པ་	VERB
དང་	དང་	NO_POS
།		PUNCT
དེ་	སྟེ་	PART
འཚོལ་	འཚོལ་	VERB
མཁན་	མཁན་	PROPN
དེ་	སྟེ་	PART
ལ་	ལ་	PART
རིག་པ་	རིག་པ་	VERB
ཟེར་བ་	ཟེར་བ་	VERB
ཡིན་	ཡིན་	NO_POS
གྱི་	གི་	PART
། །		PUNCT
ཐོས་བསམ་	ཐོས་བསམ་	NOUN
གྱིས་	གིས་	PART
གཏན་	གཏན་	NOUN
ལ་	ལ་	PART
ཕབ་པ་	ཕབ་པ་	VERB
འི་	གི་	PART
རིག་པ་	རིག་པ་	VERB
དང་	དང་	NO_POS
དོན་	དོན་	NOUN
མི་	མི་	PART
གཅིག་	གཅིག་	NUM
།		PUNCT
འདི་སྐབས་	འདི་སྐབས་	NO_POS
ཀྱི་	གི་	PART
རིག་པ་	རིག་པ་	VERB
དེ་	སྟེ་	PART
གནས་ཆ་	གནས་ཆ་	NO_POS
མ་	མ་	PART
ཡེངས་པ་	ཡེངས་པ་	VERB
འི་	གི་	PART
སྟེང་	སྟེང་	NOUN
ན་	ནས་	PART
བྱུང་	བྱུང་	VERB
ཚོ་	ཚོ་	VERB
ཐམས་ཅད་	ཐམས་ཅད་	DET
ཤེ་	ཤེ་	VERB
ཤིང་	ཅིང་	PART
།		PUNCT
ཤེས་པ་	ཤེས་པ་	VERB
འི་	གི་	PART
མོད་	མོད་	VERB
ལ་	ལ་	PART
རང་ས་	རང་ས་	OTHER
ར་	ལ་	PART
གྲོལ་བ་	གྲོལ་བ་	VERB
ར་	ལ་	PART
བྱེད་པ་	བྱེད་པ་	VERB
ས་	གིས་	PART
རིག་པ་	རིག་པ་	VERB
འི་	གི་	PART
མདུང་	མདུང་	NOUN
སྐོར་	སྐོར་	NOUN
གྱིས་	གིས་	PART
ཟེར་བ་	ཟེར་བ་	VERB
ཡིན་	ཡིན་	NO_POS
ལ་	ལ་	PART
།		PUNCT
དེ་	དེ་	DET
འི་	གི་	PART
ཚེ་	ཚེ་	NOUN
ཤེས་བྱ་	ཤེས་བྱ་	VERB
དང་	དང་	NO_POS
ཤེ་	ཤེ་	VERB
མཁན་	མཁན་	PROPN
གྱི་	གི་	PART
རིག་པ་	རིག་པ་	VERB
གཉིད་	གཉིད་	NOUN
ཐ་དད་	ཐ་དད་	ADJ
དུ་	ལ་	PART
གྲུབ་པ་	གྲུབ་པ་	VERB
རྩ་བ་	རྩ་བ་	NOUN
ན་	ནས་	PART
མ་ཡིན་པ་	མ་ཡིན་པ་	OTHER
ས་	གིས་	PART
དབྱེ་	དབྱེ་	VERB
ར་	ལ་	PART
མེད་	མེད་	VERB
དང་	དང་	NO_POS
།		PUNCT
ལྟ་	ལྟ་	NOUN
བྱེད་	བྱེད་	VERB
ཀྱི་	གི་	PART
རིག་པ་	རིག་པ་	VERB
འང་	ཀྱང་	PART
ངོ་བོ་	ངོ་བོ་	NOUN
ངོ་	ངོ་	NOUN
གཟུང་	གཟུང་	VERB
གང་	གང་	NO_POS
དུའང་		NON_WORD
མ་གྲུབ་པ་	མ་གྲུབ་པ་	NO_POS
ས་	གིས་	PART
།		PUNCT
རིག་	རིག་	VERB
སྟོང་	སྟོང་	NUM
ཟུང་འཇུག་	ཟུང་འཇུག་	NOUN
གི་	གི་	PART
རྣམ་གཞག་	རྣམ་གཞག་	NOUN
བྱེད་པ་	བྱེད་པ་	VERB
ཡིན་	ཡིན་	NO_POS
ནོ་	གོ་	PART
། །		PUNCT
དེ་ལྟ་	དེ་ལྟ་	NO_POS
ཧ་ཅང་	ཧ་ཅང་	ADV
དྲན་ཤེས་	དྲན་ཤེས་	NOUN
ཀྱིས་	གིས་	PART
གྲིམས་		NON_WORD
ཆེ་	ཆེ་	VERB
ན་	ལ་	PART
རྟོག་པ་	རྟོག་པ་	VERB
འི་	གི་	PART
འཕྲོ་	འཕྲོ་	NOUN
རྐྱེན་	རྐྱེན་	NOUN
བྱེད་	བྱེད་	VERB
ལ་	ལ་	PART
།		PUNCT
གློད་	གློད་	NO_POS
ཐལ་	ཐལ་	VERB
ན་	ལ་	PART
འཁྲུལ་པ་	འཁྲུལ་པ་	NO_POS
ལ་	ལ་	PART
འབྱམས་	འབྱམས་	NO_POS
མཆི་བ་	མཆི་བ་	VERB
ས་	གིས་	PART
།		PUNCT
ཡིད་	ཡིད་	NOUN
ཀྱི་	གི་	PART
གླང་པོ་	གླང་པོ་	NOUN
རྩེ་གཅིག་པ་	རྩེ་གཅིག་པ་	ADJ
འི་	གི་	PART
ཀ་བ་	ཀ་བ་	NOUN
ལ་མ་	ལ་མ་	NO_POS
ཡེངས་པ་	ཡེངས་པ་	VERB
འི་	གི་	PART
ཐག་པ་	ཐག་པ་	NOUN
ས་	གིས་	PART
གདགས་པ་	གདགས་པ་	VERB
ར་	ལ་	PART
བྱ་	བྱ་	VERB
འོ་	གོ་	PART
"།
།"		PUNCT
དེ་ལྟ་	དེ་ལྟ་	NO_POS
བསྒོམས་པ་	བསྒོམས་པ་	VERB
ས་	གིས་	PART
།		PUNCT
འཁོར་འདས་	འཁོར་འདས་	NOUN
གང་	གང་	NO_POS
ལ་	ལ་	PART
ཡང་	ཀྱང་	PART
མ་	མ་	PART
རེག་པ་	རེག་པ་	VERB
།		PUNCT
རྟེན་	རྟེན་	NOUN
མེད་	མེད་	VERB
ངོ་	ངོ་	NOUN
གཟུང་	གཟུང་	VERB
སྤྲོས་པ་	སྤྲོས་པ་	VERB
ཐམས་ཅད་	ཐམས་ཅད་	DET
དང་	དང་	NO_POS
བྲལ་བ་	བྲལ་བ་	VERB
།		PUNCT
སུ་	སུ་	ADP
ས་	གིས་	PART
ཀྱང་	ཀྱང་	PART
ཚིག་	ཚིག་	NOUN
གིས་	གིས་	PART
སྟོན་པ་	སྟོན་པ་	NOUN
ར་	ལ་	PART
མི་	མི་	PART
ནུས་	ནུས་	VERB
རང་	རང་	PRON
གིས་	གིས་	PART
མྱོང་	མྱོང་	VERB
བྱ་	བྱ་	VERB
འམ་	གམ་	PART
རིག་	རིག་	VERB
བྱ་	བྱ་	VERB
ར་	ལ་	PART
གྱུར་	གྱུར་	VERB
།		PUNCT
མཐོང་	མཐོང་	VERB
རྒྱུ་	རྒྱུ་	NOUN
གས་	གསའ་	NO_POS
ར་	ལ་	PART
དུ་	ལ་	PART
མེད་	མེད་	VERB
ལ་	ལ་	PART
།		PUNCT
མཐོང་བ་	མཐོང་བ་	VERB
འི་	གི་	PART
མཆོག་	མཆོག་	ADJ
བཅོས་མ་	བཅོས་མ་	NOUN
མིན་པ་	མིན་པ་	VERB
ཞིག་	ཅིག་	PART
ནང་	ནང་	NOUN
ན་	ནས་	PART
འཆར་	འཆར་	NO_POS
ཏེ་	སྟེ་	PART
།		PUNCT
འདི་	འདི་	DET
ནི་	ནི་	NO_POS
སྒོམ་	སྒོམ་	VERB
ཐ་མལ་	ཐ་མལ་	ADJ
གྱི་	གི་	PART
ཤེས་པ་	ཤེས་པ་	VERB
ངོ་འཕྲོད་པ་	ངོ་འཕྲོད་པ་	NO_POS
ཡིན་	ཡིན་	NO_POS
ཏེ་	སྟེ་	PART
།		PUNCT
སློབ་དཔོན་	སློབ་དཔོན་	NOUN
ཏོག་རྩེ་	ཏོག་རྩེ་	NO_POS
བ་	བ་	ADP
།		PUNCT
ཐ་མལ་	ཐ་མལ་	ADJ
ཤེས་པ་	ཤེས་པ་	VERB
སྙིང་	སྙིང་	NOUN
གི་	གི་	PART
དབུ་	དབུ་	NOUN
སུ་	ལ་	PART
སད་	སད་	VERB
།		PUNCT
ཅེས་	ཅེས་	PART
དང་	དང་	NO_POS
།		PUNCT
ཇོ་བོ་	ཇོ་བོ་	NOUN
རྗེ་	རྗེ་	NO_POS
དཔལ་ལྡན་	དཔལ་ལྡན་	ADJ
ཨ་	ཨ་	X
ཏི་	ཏི་	NO_POS
ཤ་	ཤ་	DET
།		PUNCT
རྟོག་	རྟོག་	VERB
མེད་	མེད་	VERB
ཚུལ་	ཚུལ་	NOUN
གྱིས་	གིས་	PART
རྟོགས་པ་	རྟོགས་པ་	VERB
ས་	གིས་	PART
ན་	ལ་	PART
། །		PUNCT
སྟོང་ཉིད་	སྟོང་ཉིད་	NOUN
མཐོང་	མཐོང་	VERB
ཞེ་	ཅེས་	PART
ཐ་སྙད་	ཐ་སྙད་	NOUN
གདགས་	གདགས་	NO_POS
"།
།"		PUNCT
མ་	མ་	PART
མཐོང་བ་	མཐོང་བ་	VERB
ཉིད་	ཉིད་	DET
དེ་	སྟེ་	PART
མཐོང་བ་	མཐོང་བ་	VERB
ར་	ལ་	PART
། །		PUNCT
ཤིན་ཏུ་	ཤིན་ཏུ་	NO_POS
ཟབ་མོ་	ཟབ་མོ་	ADJ
འི་	གི་	PART
མདོ་	མདོ་	NOUN
ལ་	ལ་	ADP
ས་	གིས་	PART
གསུངས་	གསུངས་	VERB
། །		PUNCT
དེ་	སྟེ་	PART
ལ་	ལ་	PART
མཐོང་	མཐོང་	VERB
དང་	དང་	NO_POS
མཐོང་བྱེད་	མཐོང་བྱེད་	NO_POS
མེད་	མེད་	VERB
"།
།"		PUNCT
ཐོག་མ་	ཐོག་མ་	NOUN
ཐ་མ་	ཐ་མ་	ADJ
མེད་	མེད་	VERB
ཞི་བ་	ཞི་བ་	VERB
། །		PUNCT
དངོ་	དངོ་	NOUN
དང་	དང་	NO_POS
དངོས་མེད་	དངོས་མེད་	NOUN
རྣམ་པ་	རྣམ་པ་	NOUN
ར་	ལ་	PART
སྤངས་	སྤངས་	VERB
། །		PUNCT
རྣམ་པ་	རྣམ་པ་	NOUN
ར་	ལ་	PART
རྟོག་	རྟོག་	VERB
མེད་	མེད་	VERB
དམིགས་པ་	དམིགས་པ་	VERB
བྲལ་	བྲལ་	VERB
"།
།"		PUNCT
གནས་པ་	གནས་པ་	VERB
མེད་པ་	མེད་པ་	VERB
གནས་	གནས་	NOUN
མེད་པ་	མེད་པ་	VERB
། །		PUNCT
འགྲོ་འོང་	འགྲོ་འོང་	NOUN
མེད་	མེད་	VERB
ཅིང་	ཅིང་	PART
དཔེ་	དཔེ་	NOUN
དང་	དང་	NO_POS
བྲལ་	བྲལ་	VERB
། །		PUNCT
བརྗོད་	བརྗོད་	VERB
དུ་	ལ་	PART
མེད་པ་	མེད་པ་	VERB
བལྟ་	བལྟ་	VERB
ར་	ལ་	PART
མེད་པ་	མེད་པ་	VERB
། །		PUNCT
འགྱུར་བ་	འགྱུར་བ་	VERB
མེད་པ་	མེད་པ་	VERB
འདུས་མ་བྱས་	འདུས་མ་བྱས་	NO_POS
"།
།"		PUNCT
རྣལ་འབྱོར་པ་	རྣལ་འབྱོར་པ་	NOUN
ཡི་	གིས་	PART
དེ་	སྟེ་	PART
རྟོགས་	རྟོགས་	VERB
ན་	ལ་	PART
། །		PUNCT
ཉོན་མོངས་	ཉོན་མོངས་	NOUN
ཤེས་བྱ་	ཤེས་བྱ་	VERB
འི་	གི་	PART
སྒྲིབ་པ་	སྒྲིབ་པ་	VERB
སྤོང་	སྤོང་	VERB
། །		PUNCT
ཞེ་	ཅེས་	PART
གསུངས་	གསུངས་	VERB
།		PUNCT
གཉིས་པ་	གཉིས་པ་	NUM
རྗེས་ཐོབ་	རྗེས་ཐོབ་	NOUN
རྩལ་	རྩལ་	NOUN
རྫོགས་པ་	རྫོགས་པ་	VERB
འི་	གི་	PART
རྟེན་འབྲེལ་	རྟེན་འབྲེལ་	NOUN
ནི་	ནི་	NO_POS
། །		PUNCT
དེ་ལྟ་	དེ་ལྟ་	NO_POS
བསྒོམས་པ་	བསྒོམས་པ་	VERB
འི་	གི་	PART
ཚེ་	ཚེ་	NOUN
།		PUNCT
སེམས་	སེམས་	NOUN
མི་	མི་	PART
གནས་པ་	གནས་པ་	VERB
ར་	ལ་	PART
འཕྲོ་	འཕྲོ་	NOUN
ན་	ལ་	PART
།		PUNCT
དེ་ཉིད་	དེ་ཉིད་	NOUN
ཀྱི་	གི་	PART
སྟེང་	སྟེང་	NOUN
དུ་	ལ་	PART
ངོ་	ངོ་	NOUN
བཙིར་	བཙིར་	NO_POS
གྱིས་	གིས་	PART
གཟུང་	གཟུང་	VERB
ལ་	ལ་	PART
བཟོ་བཅོས་	བཟོ་བཅོས་	NO_POS
མེད་པ་	མེད་པ་	VERB
ར་	ལ་	PART
གློད་པ་	གློད་པ་	NO_POS
ས་	གིས་	PART
རང་ས་	རང་ས་	OTHER
ར་	ལ་	PART
གྲོལ་བ་	གྲོལ་བ་	VERB
ར་	ལ་	PART
འགྱུར་བ་	འགྱུར་བ་	VERB
ཆུ་	ཆུ་	NOUN
ལ་	ལ་	PART
ཆུ་	ཆུ་	NOUN
བཞག་པ་	བཞག་པ་	VERB
བཞིན་	བཞིན་	NOUN
ནོ་	གོ་	PART
"།
།"		PUNCT
དེ་བཞིན་	དེ་བཞིན་	OTHER
དུ་	ལ་	PART
ཉོན་མོངས་པ་	ཉོན་མོངས་པ་	NOUN
ཆགས་སྡང་	ཆགས་སྡང་	NOUN
རྨོངས་བ་	རྨོངས་བ་	VERB
ཤུགས་	ཤུགས་	NOUN
ཤིན་ཏུ་	ཤིན་ཏུ་	NO_POS
དྲག་པ་	དྲག་པ་	VERB
ལ་	ལ་	PART
ཡང་	ཀྱང་	PART
སྤོང་བ་	སྤོང་བ་	VERB
ར་	ལ་	PART
མི་	མི་	PART
བྱ་	བྱ་	VERB
།		PUNCT
དབང་	དབང་	NOUN
དུ་	ལ་	PART
ཡང་	ཀྱང་	PART
མི་	མི་	PART
གཏོང་	གཏོང་	VERB
།		PUNCT
གཉེན་པོ་	གཉེན་པོ་	NOUN
ས་	གིས་	PART
ཀྱང་	ཀྱང་	PART
མི་	མི་	PART
གཞོམ་པ་	གཞོམ་པ་	VERB
ར་	ལ་	PART
།		PUNCT
གང་	གང་	NO_POS
སྐྱེ་	སྐྱེ་	VERB
དེ་ཉིད་	དེ་ཉིད་	NOUN
ངོ་	ངོ་	NOUN
གཟུང་	གཟུང་	VERB
ན་	ནས་	PART
དེ་	སྟེ་	PART
ཐོག་	ཐོག་	NOUN
ཏུ་	ལ་	PART
གློད་	གློད་	NO_POS
ན་	ནས་	PART
དེ་ཉིད་	དེ་ཉིད་	NOUN
སྟོང་པ་	སྟོང་པ་	VERB
ར་	ལ་	PART
ཟང་ཐལ་	ཟང་ཐལ་	OTHER
ལེ་	ལེ་	NO_POS
འཆར་	འཆར་	NO_POS
ཏེ་	སྟེ་	PART
།		PUNCT
འགྲོ་མགོན་	འགྲོ་མགོན་	NOUN
རིན་པོ་ཆེ་	རིན་པོ་ཆེ་	ADJ
ཕག་མོ་	ཕག་མོ་	PROPN
གྲུ་པ་	གྲུ་པ་	PROPN
ས་	གིས་	PART
།		PUNCT
རྣམ་རྟོག་	རྣམ་རྟོག་	NOUN
བྱུང་	བྱུང་	VERB
ཀྱང་	ཀྱང་	PART
འཇིགས་པ་	འཇིགས་པ་	VERB
ར་	ལ་	PART
མི་	མི་	PART
བྱ་	བྱ་	VERB
སྟེ་	སྟེ་	PART
།		PUNCT
དྲན་པ་	དྲན་པ་	VERB
འི་	གི་	PART
དུས་	དུས་	NOUN
ཉིད་	ཉིད་	DET
ན་	ལ་	PART
གཉུག་	གཉུག་	NO_POS
མ་	མ་	PART
འི་	གི་	PART
ངོ་བོ་	ངོ་བོ་	NOUN
ར་	ལ་	PART
གྲུབ་པ་	གྲུབ་པ་	VERB
འི་	གི་	PART
ཕྱི་	ཕྱི་	OTHER
རོ་	རོ་	NOUN
། །		PUNCT
ཞེ་	ཅེས་	PART
དང་	དང་	NO_POS
།		PUNCT
ཡང་	ཀྱང་	PART
།		PUNCT
གཉུག་	གཉུག་	NO_POS
མ་	མ་	PART
འི་	གི་	PART
ངོ་བོ་	ངོ་བོ་	NOUN
ལ་	ལ་	PART
རྣམ་རྟོག་	རྣམ་རྟོག་	NOUN
བྱུང་	བྱུང་	VERB
ཡང་	ཀྱང་	PART
།		PUNCT
ནམ་ལངས་པ་	ནམ་ལངས་པ་	ADV
འི་	གི་	PART
མུན་པ་	མུན་པ་	NOUN
བཞིན་	བཞིན་	NOUN
རང་བཞིན་	རང་བཞིན་	NOUN
གྱིས་	གིས་	PART
དེངས་པ་	དེངས་པ་	VERB
ར་	ལ་	PART
འགྱུར་	འགྱུར་	VERB
རོ་	རོ་	NOUN
"།
།"		PUNCT
རྗེ་བཙུན་	རྗེ་བཙུན་	NOUN
མི་ལ་	མི་ལ་	PROPN
ས་	གིས་	PART
།		PUNCT
སེམས་ཉིད་	སེམས་ཉིད་	NOUN
བསྒོམ་	བསྒོམ་	VERB
དུ་	ལ་	PART
བདེ་	བདེ་	VERB
ལགས་	ལགས་	AUX
ན་	ལ་	PART
། །		PUNCT
རྣམ་རྟོག་	རྣམ་རྟོག་	NOUN
སེམས་	སེམས་	NOUN
ཀྱི་	གི་	PART
ཆོ་འཕྲུལ་	ཆོ་འཕྲུལ་	NOUN
ཡིན་	ཡིན་	NO_POS
། །		PUNCT
ད་རུང་	ད་རུང་	ADV
ཆོ་འཕྲུལ་	ཆོ་འཕྲུལ་	NOUN
གཏན་	གཏན་	NOUN
ལ་	ལ་	PART
ཕོབ་	ཕོབ་	VERB
"།
།"		PUNCT
ཅེས་	ཅེས་	PART
དང་	དང་	NO_POS
།		PUNCT
ས་ར་	ས་ར་	NO_POS
ཧ་	ཧ་	NOUN
ས་	གིས་	PART
།		PUNCT
ཇི་སྲིད་	ཇི་སྲིད་	PRON
སེམས་ལས་	སེམས་ལས་	NOUN
རྣམ་	རྣམ་	NOUN
འཕྲོས་པ་	འཕྲོས་པ་	VERB
། །		PUNCT
དེ་སྲིད་	དེ་སྲིད་	ADV
མགོན་པོ་	མགོན་པོ་	NOUN
འི་	གི་	PART
རང་བཞིན་	རང་བཞིན་	NOUN
ཏེ་	སྟེ་	PART
"།
།"		PUNCT
ཆུ་	ཆུ་	NOUN
དང་	དང་	NO_POS
རླབས་	རླབས་	OTHER
དག་	དག་	DET
གཞན་	གཞན་	DET
ཡིན་	ཡིན་	NO_POS
ནམ་	གམ་	PART
། །		PUNCT
ཞེ་	ཅེས་	PART
དང་	དང་	NO_POS
།		PUNCT
རྣམ་སྣང་	རྣམ་སྣང་	PROPN
མངོན་བྱང་	མངོན་བྱང་	NO_POS
ལ་	ལ་	ADP
ས་	གིས་	PART
།		PUNCT
མི་	མི་	PART
རྟོག་	རྟོག་	VERB
ཏིང་འཛིན་	ཏིང་འཛིན་	NOUN
ལ་	ལ་	PART
གནས་	གནས་	NOUN
ན་	ལ་	PART
"།
།"		PUNCT
ནམ་མཁའ་	ནམ་མཁའ་	NOUN
བཞིན་	བཞིན་	NOUN
དུ་	ལ་	PART
རྟོག་	རྟོག་	VERB
མེད་	མེད་	VERB
གསལ་	གསལ་	VERB
།		PUNCT
ཞེ་	ཅེས་	PART
དང་	དང་	NO_POS
།		PUNCT
སཾབྷཱུ་		NON_WORD
ཏིར་		NON_WORD
།		PUNCT
རྣམ་རྟོག་	རྣམ་རྟོག་	NOUN
ཉིད་	ཉིད་	DET
ཀྱིས་	གིས་	PART
རྣམ་རྟོག་	རྣམ་རྟོག་	NOUN
སྦྱང་	སྦྱང་	VERB
།		PUNCT
ཞེ་	ཅེས་	PART
གསུངས་	གསུངས་	VERB
སོ་	གོ་	PART
།		PUNCT
དེ་བཞིན་	དེ་བཞིན་	OTHER
དུ་	ལ་	PART
ལམ་	གམ་	PART
ཁྱེ་	ཁྱེ་	VERB
དེ་ཉིད་	དེ་ཉིད་	NOUN
ཀྱིས་	གིས་	PART
ཚོགས་	ཚོགས་	NOUN
དྲུག་	དྲུག་	NUM
གི་	གི་	PART
སྣང་བ་	སྣང་བ་	VERB
ཐམས་ཅད་	ཐམས་ཅད་	DET
ལ་	ལ་	PART
།		PUNCT
དང་པོ་	དང་པོ་	ADJ
ར་	ལ་	PART
སྣང་	སྣང་	VERB
མཁན་	མཁན་	PROPN
གྱི་	གི་	PART
ཤེས་པ་	ཤེས་པ་	VERB
ངོ་	ངོ་	NOUN
གཟུང་	གཟུང་	VERB
ན་	ནས་	PART
།		PUNCT
དེ་	སྟེ་	PART
ཐོག་	ཐོག་	NOUN
ཏུ་	ལ་	PART
རྩལ་	རྩལ་	NOUN
སྦྱངས་	སྦྱངས་	VERB
།		PUNCT
དེ་	སྟེ་	PART
ལ་	ལ་	PART
གོམས་	གོམས་	VERB
ན་	ནས་	PART
སྣང་	སྣང་	VERB
ཐོག་	ཐོག་	NOUN
ཏུ་	ལ་	PART
གཞག་པ་	གཞག་པ་	VERB
ས་	གིས་	PART
།		PUNCT
སྣང་བ་	སྣང་བ་	VERB
ཤར་བ་	ཤར་བ་	VERB
དང་	དང་	NO_POS
གྲོལ་བ་	གྲོལ་བ་	VERB
དུས་མཉམ་	དུས་མཉམ་	ADV
དུ་	ལ་	PART
བྱུང་བ་	བྱུང་བ་	VERB
ས་	གིས་	PART
སྣང་	སྣང་	VERB
སེམས་	སེམས་	NOUN
འདྲེས་པ་	འདྲེས་པ་	VERB
ཞེ་	ཅེས་	PART
ངོ་མཚར་	ངོ་མཚར་	ADJ
ཅན་	ཅན་	PART
ཅིག་	ཅིག་	PART
འབྱུང་བ་	འབྱུང་བ་	VERB
ཡིན་	ཡིན་	NO_POS
ནོ་	གོ་	PART
"།
།"		PUNCT
དུས་	དུས་	NOUN
དེ་	དེ་	DET
འི་	གི་	PART
ཚེ་	ཚེ་	NOUN
ལམ་	གམ་	PART
གང་	གང་	NO_POS
ཤ་	ཤ་	VERB
སྤང་བླང་	སྤང་བླང་	NOUN
མེད་པ་	མེད་པ་	VERB
གཤའ་མ་	གཤའ་མ་	NOUN
དེ་	སྟེ་	PART
འབྱུང་བ་	འབྱུང་བ་	VERB
ཡིན་	ཡིན་	NO_POS
ཏེ་	སྟེ་	PART
།		PUNCT
ས་ར་	ས་ར་	NO_POS
ཧ་	ཧ་	NOUN
ས་	གིས་	PART
།		PUNCT
མདུན་	མདུན་	NOUN
དང་	དང་	NO_POS
རྒྱབ་	རྒྱབ་	NOUN
དང་	དང་	NO_POS
ཕྱོགས་	ཕྱོགས་	NOUN
བཅུ་	བཅུ་	NUM
རུ་	ལ་	PART
། །		PUNCT
གང་	གང་	NO_POS
གང་	གང་	NO_POS
མཐོང་བ་	མཐོང་བ་	VERB
དེ་དེ་	དེ་དེ་	NO_POS
ཉིད་	ཉིད་	DET
"།
།"		PUNCT
དེ་རིང་	དེ་རིང་	ADV
མགོན་པོ་	མགོན་པོ་	NOUN
ད་ལྟ་		
འཁྲུལ་བ་	འཁྲུལ་བ་	VERB
ཆད་	ཆད་	VERB
། །		PUNCT
ད་ནི་	ད་ནི་	NO_POS
སུ་	ལ་	PART
ལ་	ལ་	ADP
འང་	ཀྱང་	PART
དྲི་བ་	དྲི་བ་	VERB
ར་	ལ་	PART
མི་	མི་	PART
བྱ་	བྱ་	VERB
འོ་	གོ་	PART
། །		PUNCT
ཞེ་	ཅེས་	PART
དང་	དང་	NO_POS
།		PUNCT
རྟོགས་པ་	རྟོགས་པ་	VERB
ར་	ལ་	PART
གྱུར་	གྱུར་	VERB
ན་	ལ་	PART
ཐམས་ཅད་	ཐམས་ཅད་	DET
དེ་	སྟེ་	PART
ཡིན་	ཡིན་	NO_POS
ཏེ་	སྟེ་	PART
"།
།"		PUNCT
དེ་ལས་	དེ་ལས་	NO_POS
གཞན་	གཞན་	DET
ཞིག་	ཅིག་	PART
སུ་	སུ་	ADP
ས་	གིས་	PART
ཀྱང་	ཀྱང་	PART
རྙེད་	རྙེད་	VERB
མི་	མི་	PART
འགྱུར་	འགྱུར་	VERB
། །		PUNCT
ཀློག་པ་	ཀློག་པ་	VERB
དེ་	སྟེ་	PART
ཡིན་	ཡིན་	NO_POS
འཛིན་	འཛིན་	VERB
དང་	དང་	NO_POS
བསྒོམ་པ་	བསྒོམ་པ་	VERB
འང་	ཀྱང་	PART
དེ་	སྟེ་	PART
"།
།"		PUNCT
བསྟན་བཅོས་	བསྟན་བཅོས་	NOUN
སྙིང་	སྙིང་	NOUN
ལ་	ལ་	PART
འཆང་པ་	འཆང་པ་	NO_POS
འང་	ཀྱང་	PART
དེ་	སྟེ་	PART
ཡིན་	ཡིན་	NO_POS
ནོ་	གོ་	PART
། །		PUNCT
ཞེ་	ཅེས་	PART
གསུངས་	གསུངས་	VERB
། །		PUNCT
དེ་	སྟེ་	PART
ཙ་ན་	ཙ་ན་	NO_POS
།		PUNCT
འཁོར་བ་	འཁོར་བ་	NOUN
དང་	དང་	NO_POS
མྱང་འདས་	མྱང་འདས་	NOUN
།		PUNCT
རྣམ་རྟོག་	རྣམ་རྟོག་	NOUN
དང་	དང་	NO_POS
ཆོས་སྐུ་	ཆོས་སྐུ་	NOUN
།		PUNCT
ཉོན་མོངས་	ཉོན་མོངས་	NOUN
དང་	དང་	NO_POS
ཡེ་ཤེས་	ཡེ་ཤེས་	NOUN
ཐམས་ཅད་	ཐམས་ཅད་	DET
རྒྱལ་ཁམས་	རྒྱལ་ཁམས་	NOUN
གཅིག་	གཅིག་	NUM
ཏུ་	ལ་	PART
སོང་བ་	སོང་བ་	VERB
ཡིན་	ཡིན་	NO_POS
ནོ་	གོ་	PART
། །		PUNCT
གང་	གང་	NO_POS
གི་	གི་	PART
ཚེ་	ཚེ་	NOUN
ལྡང་བ་	ལྡང་བ་	VERB
ར་	ལ་	PART
འདོད་	འདོད་	VERB
ན་	ལ་	PART
དལ་བུ་	དལ་བུ་	NOUN
ས་	གིས་	PART
ལྡང་	ལྡང་	NO_POS
སྟེ་	སྟེ་	PART
།		PUNCT
སྒྱུ་མ་	སྒྱུ་མ་	NOUN
ལྟ་བུ་	ལྟ་བུ་	NOUN
འི་	གི་	PART
བློ་	བློ་	NOUN
ས་	གིས་	PART
ལུས་ངག་	ལུས་ངག་	NOUN
ཡིད་	ཡིད་	NOUN
ཀྱི་	གི་	PART
དགེ་བ་	དགེ་བ་	VERB
ཅི་	ཅི་	NO_POS
ནུས་	ནུས་	VERB
བྱ་	བྱ་	VERB
འོ་	གོ་	PART
། །		PUNCT
སྟོང་ཉིད་	སྟོང་ཉིད་	NOUN
དེ་ཡང་	དེ་ཡང་	ADV
སྙིང་རྗེ་	སྙིང་རྗེ་	NOUN
ས་	གིས་	PART
མ་ཟིན་	མ་ཟིན་	NO_POS
ན་	ལ་	PART
སངས་རྒྱས་	སངས་རྒྱས་	NOUN
ཀྱི་	གི་	PART
ལམ་	གམ་	PART
དུ་	ལ་	PART
མི་འགྱུར་བ་	མི་འགྱུར་བ་	NO_POS
ས་	གིས་	PART
།		PUNCT
བྱམས་	བྱམས་	VERB
སྙིང་རྗེ་	སྙིང་རྗེ་	NOUN
བྱང་ཆུབ་	བྱང་ཆུབ་	NOUN
ཀྱི་	གི་	PART
སེམས་	སེམས་	NOUN
བསྒོམ་པ་	བསྒོམ་པ་	VERB
ར་	ལ་	PART
བྱ་	བྱ་	VERB
སྟེ་	སྟེ་	PART
།		PUNCT
སྒྱུ་མ་	སྒྱུ་མ་	NOUN
ལྟ་བུ་	ལྟ་བུ་	NOUN
འི་	གི་	PART
བློ་	བློ་	NOUN
ས་	གིས་	PART
། །		PUNCT
སེམས་ཅན་	སེམས་ཅན་	NOUN
ཐམས་ཅད་	ཐམས་ཅད་	DET
བདེ་བ་	བདེ་བ་	VERB
དང་	དང་	NO_POS
ལྡན་	ལྡན་	VERB
ན་	ལ་	PART
སྙམ་	སྙམ་	VERB
དུ་	ལ་	PART
བསྒོམ་	བསྒོམ་	VERB
།		PUNCT
བདེ་བ་	བདེ་བ་	VERB
ནི་	ནི་	NO_POS
རྫོགས་པ་	རྫོགས་པ་	VERB
འི་	གི་	PART
སངས་རྒྱས་	སངས་རྒྱས་	NOUN
ཀྱི་	གི་	PART
གོ་འཕང་	གོ་འཕང་	NOUN
ཐོབ་པ་	ཐོབ་པ་	VERB
ཡིན་	ཡིན་	NO_POS
ལ་	ལ་	PART
།		PUNCT
དེ་	སྟེ་	PART
ཐོབ་པ་	ཐོབ་པ་	VERB
ལ་	ལ་	PART
རྒྱུ་	རྒྱུ་	NOUN
ཟག་པ་	ཟག་པ་	VERB
དང་	དང་	NO_POS
ཟག་པ་	ཟག་པ་	VERB
མེད་པ་	མེད་པ་	VERB
འི་	གི་	PART
དགེ་བ་	དགེ་བ་	VERB
འི་	གི་	PART
རྩ་བ་	རྩ་བ་	NOUN
སྒྲུབ་པ་	སྒྲུབ་པ་	VERB
དང་	དང་	NO_POS
ལྡན་	ལྡན་	VERB
ན་	ལ་	PART
སྙམ་པ་	སྙམ་པ་	VERB
འི་	གི་	PART
བྱམས་པ་	བྱམས་པ་	PROPN
ཡིད་	ཡིད་	NOUN
དང་	དང་	NO_POS
འདྲེ་	འདྲེ་	NOUN
ངེས་པ་		
བསྒོམ་	བསྒོམ་	VERB
"།
།"		PUNCT
དེ་བཞིན་	དེ་བཞིན་	OTHER
དུ་	ལ་	PART
སྡུག་བསྔལ་	སྡུག་བསྔལ་	NOUN
དེ་	སྟེ་	PART
ཁམས་	ཁམས་	NOUN
གསུམ་	གསུམ་	NUM
འཁོར་བ་	འཁོར་བ་	NOUN
འི་	གི་	PART
གནས་སྐབས་	གནས་སྐབས་	NOUN
དང་	དང་	NO_POS
བྲལ་	བྲལ་	VERB
ན་	ལ་	PART
སྙམ་	སྙམ་	VERB
དུ་	ལ་	PART
བསྒོམ་	བསྒོམ་	VERB
དེ་	སྟེ་	PART
དང་	དང་	NO_POS
བྲལ་བ་	བྲལ་བ་	VERB
ལ་	ལ་	PART
དེ་	དེ་	DET
འི་	གི་	PART
རྒྱུ་ལ་	རྒྱུ་ལ་	NO_POS
ས་	གིས་	PART
དང་	དང་	NO_POS
ཉོན་མོངས་པ་	ཉོན་མོངས་པ་	NOUN
འི་	གི་	PART
ཀུན་འབྱུང་	ཀུན་འབྱུང་	NOUN
གཉིས་	གཉིས་	NUM
དང་	དང་	NO_POS
བྲལ་	བྲལ་	VERB
ན་	ལ་	PART
སྙམ་པ་	སྙམ་པ་	VERB
འི་	གི་	PART
སྙིང་རྗེ་	སྙིང་རྗེ་	NOUN
བསྒོམ་	བསྒོམ་	VERB
"།
།"		PUNCT
དེ་ནས་	དེ་ནས་	NO_POS
།		PUNCT
རང་	རང་	PRON
གི་	གི་	PART
སྣ་	སྣ་	NOUN
གཡའ་	གཡའ་	NOUN
ན་	ནས་	PART
འོད་ཟེར་	འོད་ཟེར་	NOUN
འཕྲོ་	འཕྲོ་	NOUN
ས་	གིས་	PART
"།
།"		PUNCT
སེམས་ཅན་	སེམས་ཅན་	NOUN
ཐམས་ཅད་	ཐམས་ཅད་	DET
ཀྱི་	གི་	PART
སྣ་	སྣ་	NOUN
གཡའ་	གཡའ་	NOUN
ན་	ནས་	PART
ཞུགས་	ཞུགས་	VERB
། །		PUNCT
དེ་	སྟེ་	PART
ཐམས་ཅད་	ཐམས་ཅད་	DET
ཀྱི་	གི་	PART
སྡུག་བསྔལ་	སྡུག་བསྔལ་	NOUN
ཐམས་ཅད་	ཐམས་ཅད་	DET
འོད་ཟེར་	འོད་ཟེར་	NOUN
གྱི་	གི་	PART
རྣམ་པ་	རྣམ་པ་	NOUN
ཚུ་		
བྱུང་	བྱུང་	VERB
།		PUNCT
རང་	རང་	PRON
གི་	གི་	PART
སྣ་	སྣ་	NOUN
གཡའ་	གཡའ་	NOUN
ན་	ནས་	PART
ཚུ་		
ཞུགས་	ཞུགས་	VERB
།		PUNCT
སེམས་ཅན་	སེམས་ཅན་	NOUN
ཐམས་ཅད་	ཐམས་ཅད་	DET
ཀྱི་	གི་	PART
སྡུག་བསྔལ་	སྡུག་བསྔལ་	NOUN
བདག་	བདག་	PRON
ལ་	ལ་	PART
སྨིན་	སྨིན་	VERB
།		PUNCT
སེམས་ཅན་	སེམས་ཅན་	NOUN
ཐམས་ཅད་	ཐམས་ཅད་	DET
སྡུག་བསྔལ་	སྡུག་བསྔལ་	NOUN
དང་	དང་	NO_POS
བྲལ་བ་	བྲལ་བ་	VERB
ར་	ལ་	PART
བསམ་	བསམ་	NOUN
།		PUNCT
དེ་ནས་	དེ་ནས་	NO_POS
རང་	རང་	PRON
གི་	གི་	PART
བདེ་བ་	བདེ་བ་	VERB
སྣ་	སྣ་	NOUN
གཡོན་	གཡོན་	NOUN
ན་	ནས་	PART
འོད་ཟེར་	འོད་ཟེར་	NOUN
གྱི་	གི་	PART
རྣམ་པ་	རྣམ་པ་	NOUN
ར་	ལ་	PART
འཐོན་	འཐོན་	NO_POS
།		PUNCT
སེམས་ཅན་	སེམས་ཅན་	NOUN
ཐམས་ཅད་	ཐམས་ཅད་	DET
ལ་	ལ་	PART
བྱིན་པ་	བྱིན་པ་	VERB
ས་	གིས་	PART
དེ་	སྟེ་	PART
ཐམས་ཅད་	ཐམས་ཅད་	DET
བདེ་བ་	བདེ་བ་	VERB
ལྡན་པ་	ལྡན་པ་	VERB
ར་	ལ་	PART
བསམ་	བསམ་	NOUN
།		PUNCT
སེམས་ཅན་	སེམས་ཅན་	NOUN
གྱི་	གི་	PART
སྡུག་བསྔལ་	སྡུག་བསྔལ་	NOUN
བདག་	བདག་	PRON
ལ་	ལ་	PART
སྨིན་པ་	སྨིན་པ་	VERB
དེ་	སྟེ་	PART
ཐོག་	ཐོག་	NOUN
ཏུ་	ལ་	PART
གཞག་པ་	གཞག་པ་	VERB
ས་	གིས་	PART
ཟག་པ་	ཟག་པ་	VERB
མེད་པ་	མེད་པ་	VERB
འི་	གི་	PART
བདེ་བ་	བདེ་བ་	VERB
ཆེན་པོ་	ཆེན་པོ་	ADJ
ར་	ལ་	PART
གྱུར་པ་	གྱུར་པ་	VERB
ར་	ལ་	PART
བསམ་	བསམ་	NOUN
།		PUNCT
དེ་	སྟེ་	PART
ལ་	ལ་	PART
འབྱོངས་	འབྱོངས་	NO_POS
ན་	ལ་	PART
དངོ་	དངོ་	NOUN
སུ་	སུ་	ADP
འང་	ཀྱང་	PART
བདག་གཞན་	བདག་གཞན་	NOUN
བརྗེ་བ་	བརྗེ་བ་	VERB
འི་	གི་	PART
བྱང་ཆུབ་	བྱང་ཆུབ་	NOUN
ཀྱི་	གི་	PART
སེམས་	སེམས་	NOUN
ལ་	ལ་	PART
བསླབ་བོ་	བསླབ་བོ་	VERB
"།
།"		PUNCT
དེ་ལྟ་	དེ་ལྟ་	NO_POS
བསྒོམས་པ་	བསྒོམས་པ་	VERB
འི་	གི་	PART
རྗེས་ཐོགས་	རྗེས་ཐོགས་	NO_POS
སུ་	ལ་	PART
བདག་	བདག་	PRON
གིས་	གིས་	PART
འདི་ལྟར་	འདི་ལྟར་	NO_POS
བསྒོམས་པ་	བསྒོམས་པ་	VERB
དང་	དང་	NO_POS
།		PUNCT
དུས་གསུམ་	དུས་གསུམ་	OTHER
དུ་	ལ་	PART
བསགས་པ་	བསགས་པ་	VERB
འི་	གི་	PART
དགེ་བ་	དགེ་བ་	VERB
འི་	གི་	PART
རྩ་བ་	རྩ་བ་	NOUN
ཅི་	ཅི་	NO_POS
མཆིས་པ་	མཆིས་པ་	VERB
དེ་	དེ་	DET
འི་	གི་	PART
མཐུ་	མཐུ་	NOUN
ས་	གིས་	PART
བདག་	བདག་	PRON
དང་སེམས་	དང་སེམས་	NO_POS
ཅན་	ཅན་	PART
ཐམས་ཅད་	ཐམས་ཅད་	DET
སྡུག་བསྔལ་	སྡུག་བསྔལ་	NOUN
གྱི་	གི་	PART
རྒྱ་མཚོ་	རྒྱ་མཚོ་	NOUN
ལ་	ལ་	ADP
ས་	གིས་	PART
བསྒྲལ་	བསྒྲལ་	NO_POS
ཏེ་	སྟེ་	PART
།		PUNCT
རྣམ་མཁྱེན་	རྣམ་མཁྱེན་	NOUN
སངས་རྒྱས་	སངས་རྒྱས་	NOUN
ཀྱི་	གི་	PART
གོ་འཕང་	གོ་འཕང་	NOUN
ཐོབ་པ་	ཐོབ་པ་	VERB
ར་	ལ་	PART
གྱུར་ཅིག་	གྱུར་ཅིག་	NO_POS
སྙམ་	སྙམ་	VERB
དུ་	ལ་	PART
བསམས་	བསམས་	VERB
ཏེ་	སྟེ་	PART
འཕགས་པ་	འཕགས་པ་	VERB
བྱམས་པ་	བྱམས་པ་	PROPN
དང་	དང་	NO_POS
ཀུན་	ཀུན་	DET
ཏུ་	ལ་	PART
བཟང་པོ་	བཟང་པོ་	ADJ
ལ་སོགས་པ་	ལ་སོགས་པ་	NO_POS
འི་	གི་	PART
སྨོན་ལམ་	སྨོན་ལམ་	NOUN
ལ་	ལ་	PART
འཇུག་པ་	འཇུག་པ་	VERB
ར་	ལ་	PART
བྱ་	བྱ་	VERB
འོ་	གོ་	PART
"།
།"		PUNCT
དེ་ལྟ་	དེ་ལྟ་	NO_POS
རྟེན་འབྲེལ་	རྟེན་འབྲེལ་	NOUN
གྱི་	གི་	PART
སྒོམ་པ་	སྒོམ་པ་	VERB
འི་	གི་	PART
རིམ་པ་	རིམ་པ་	NOUN
འི་	གི་	PART
མན་ངག་	མན་ངག་	NOUN
དམ་པ་	དམ་པ་	VERB
འི་	གི་	PART
ཆོ་	ཆོ་	NOUN
ཀྱི་	གི་	PART
ཟ་མ་ཏོག་	ཟ་མ་ཏོག་	NOUN
ཅེས་བྱ་བ་	ཅེས་བྱ་བ་	NO_POS
འདི་	འདི་	DET
ནི་	ནི་	NO_POS
།		PUNCT
སྡེ་སྲིད་	སྡེ་སྲིད་	OTHER
རིན་པོ་ཆེ་	རིན་པོ་ཆེ་	ADJ
ཕག་མོ་	ཕག་མོ་	PROPN
གྲུ་པ་	གྲུ་པ་	PROPN
དཔལ་	དཔལ་	OTHER
གོང་མ་	གོང་མ་	ADJ
ཆེན་པོ་	ཆེན་པོ་	ADJ
འི་	གི་	PART
ཐུགས་དམ་	ཐུགས་དམ་	NOUN
དུ་	ལ་	PART
།		PUNCT
བཀའ་	བཀའ་	NOUN
རྒྱུད་	རྒྱུད་	NOUN
ཀྱི་	གི་	PART
བཙུན་པ་	བཙུན་པ་	NOUN
པདྨ་	པདྨ་	NOUN
དཀར་པོ་	དཀར་པོ་	ADJ
ས་	གིས་	PART
སྦྱར་བ་	སྦྱར་བ་	VERB
འདི་	འདི་	DET
ས་	གིས་	PART
ཀྱང་	ཀྱང་	PART
རྒྱལ་བ་	རྒྱལ་བ་	NOUN
འི་	གི་	PART
བསྟན་པ་	བསྟན་པ་	VERB
ད་	ད་	NOUN
ཞིང་	ཅིང་	PART
རྒྱ་	རྒྱ་	VERB
ལ་	ལ་	PART
ཡུན་རིང་	ཡུན་རིང་	NOUN
དུ་	ལ་	PART
གནས་པ་	གནས་པ་	VERB
ར་	ལ་	PART
གྱུར་ཅིག་	གྱུར་ཅིག་	NO_POS
།		PUNCT
སརྦ་	སརྦ་	NO_POS
མངྒ་		NON_WORD
ལཾ་		NON_WORD
།། །།		PUNCT
